transaction_id,card_id,merchant_name,timestamp,amount,location,transaction_type,related_transaction_id
1,26,Jones-Gonzalez,2025-04-01 01:14:31,341.12,"7149 Richard Roads, Schenectady, NY 19927",p2p_transfer,
2,4,Hicks-Martinez,2025-04-01 01:47:44,-171.25,"9036 Jimenez Freeway, Danielland, IL 69303",refund,
3,27,Thomas-Rodriguez,2025-04-01 01:52:16,171.35,"3087 Richard Light, Cheektowaga, NY 18302",wire_transfer,
4,33,Castillo-Anderson,2025-04-01 02:00:58,-221.61,"508 Savage Wall, Utica, NY 17434",refund,
5,53,"Morrow, Shannon and Thornton",2025-04-01 02:01:13,-486.82,"222 English Glens, Schenectady, NY 10497",refund,
6,52,"Thompson, May and Williams",2025-04-01 02:17:00,228.85,"513 Michele Fords, Utica, NY 16509",bill_payment,
7,30,"Wong, Lewis and Arias",2025-04-01 02:41:55,198.56,"6995 Mary Ville, Mayerburgh, IL 69342",p2p_transfer,
8,34,"Hansen, Mccann and Davies",2025-04-01 03:03:41,279.22,"341 Steven Highway, Staten Island, NY 13075",wire_transfer,
9,50,"Cook, Munoz and Osborne",2025-04-01 03:10:51,-245.98,"6852 Brown Oval, Schenectady, NY 12073",refund,
10,33,"Smith, Frazier and Miller",2025-04-01 03:38:28,127.36,"9965 Stevenson Crossroad, Brooklyn, NY 12436",purchase,
11,45,Little-Hernandez,2025-04-01 04:03:33,10.61,"1598 Taylor Mountains, Troy, NY 10141",purchase,
12,44,Smith-Black,2025-04-01 04:08:30,206.82,"8884 Michelle Mill, Youngshire, FL 30135",p2p_transfer,
13,9,Wagner-Hall,2025-04-01 04:35:11,69.7,"975 Duncan Union, Bronx, NY 16571",p2p_transfer,
14,26,"Moore, Rosales and Green",2025-04-01 04:42:30,105.34,"6077 Duke Ville, Buffalo, NY 11797",atm_withdrawal,
15,22,"White, Bradford and Greene",2025-04-01 04:48:34,-195.86,"1671 Abigail Plaza, Syracuse, NY 19973",refund,
16,37,Williams Inc,2025-04-01 04:49:07,400.14,"9632 Kirk Oval, Albany, NY 10437",wire_transfer,
17,13,Howard-Gonzalez,2025-04-01 04:50:54,386.71,"7785 Reese Plain, Staten Island, NY 13127",bill_payment,
18,24,Martinez-Bell,2025-04-01 05:01:56,-419.17,"9393 Ryan Parkways, Niagara Falls, NY 13260",refund,
19,45,"Lopez, Davis and Snyder",2025-04-01 05:03:53,73.0,"8126 Christopher Lights, North Jonathanport, CA 95001",atm_withdrawal,
20,45,Irwin PLC,2025-04-01 05:15:06,127.12,"6184 Lauren Grove, Staten Island, NY 16299",atm_withdrawal,
21,19,"Villarreal, Patterson and Taylor",2025-04-01 05:37:33,134.0,"7299 Brooks Cove, Rochester, NY 13628",bill_payment,
22,31,Price-Cruz,2025-04-01 05:38:59,48.18,"6718 Leah Islands, Staten Island, NY 12132",purchase,
23,41,Moore-Barnes,2025-04-01 06:04:54,390.29,"2288 Ryan Park, Bronx, NY 13092",p2p_transfer,
24,58,Wagner-Reed,2025-04-01 06:11:06,23.22,"6953 Brooke Rest, Staten Island, NY 19392",atm_withdrawal,
25,41,Hunter Group,2025-04-01 06:11:35,194.76,"2696 Hannah Springs, Yonkers, NY 13285",p2p_transfer,
26,4,"Lopez, Anderson and Riley",2025-04-01 07:18:29,-196.07,"9315 Curtis Land, Staten Island, NY 14740",refund,
27,33,Gomez-Hill,2025-04-01 07:41:02,486.48,"5243 Galloway Shore, Syracuse, NY 17597",bill_payment,
28,43,"King, Bryant and Mendez",2025-04-01 07:52:19,-402.82,"6575 Erin Squares, West Summerstad, MA 05998",refund,
29,5,Knight and Sons,2025-04-01 08:03:55,188.68,"9696 Hubbard Path, New York, NY 11856",wire_transfer,
30,27,Mitchell-Harding,2025-04-01 08:05:27,100.66,"6638 George Hills, White Plains, NY 14136",wire_transfer,
31,32,"Burke, Stone and Gonzalez",2025-04-01 08:35:24,349.5,"669 Diane Inlet, Albany, NY 11154",wire_transfer,
32,22,Ingram-Turner,2025-04-01 08:51:01,249.38,"3939 Antonio Fords, Rochester, NY 10558",purchase,
33,28,Clark-Carter,2025-04-01 08:57:05,280.65,"7982 Wendy Grove, Utica, NY 13901",wire_transfer,
34,55,Compton and Sons,2025-04-01 08:59:29,159.44,"3537 Lane Expressway, Yonkers, NY 13304",purchase,
35,30,"Gomez, Stevens and Rodriguez",2025-04-01 09:10:20,159.99,"5763 Roy Avenue, Staten Island, NY 17848",atm_withdrawal,
36,40,"Gray, Ho and Barnett",2025-04-01 09:25:10,20.61,"4239 Welch Road, Brooklyn, NY 14987",atm_withdrawal,
37,10,King Inc,2025-04-01 09:26:24,205.2,"3313 Jeffrey Greens, Yonkers, NY 11966",bill_payment,
38,34,Blake PLC,2025-04-01 09:55:58,-283.59,"1705 Baker Forks, New York, NY 17358",refund,
39,54,"West, Davis and Rubio",2025-04-01 10:03:03,-145.11,"9529 Margaret Mission, Brooklyn, NY 18260",refund,
40,42,Villegas-Ross,2025-04-01 10:03:28,126.76,"2428 Dennis Mall, Utica, NY 18432",purchase,
41,33,"Clark, Ball and Price",2025-04-01 10:14:39,436.1,"5871 Ryan Curve, Staten Island, NY 10314",p2p_transfer,
42,26,Snow PLC,2025-04-01 10:16:26,64.77,"5575 Johnston Village, Cheektowaga, NY 12197",bill_payment,
43,14,Hicks Ltd,2025-04-01 10:38:03,49.22,"9246 Richard Loaf, Niagara Falls, NY 10393",atm_withdrawal,
44,12,Shaffer LLC,2025-04-01 10:39:42,162.93,"5110 Curtis Course, Ithaca, NY 14489",bill_payment,
45,18,Russell PLC,2025-04-01 10:43:33,309.84,"1037 David Locks, Yonkers, NY 16458",bill_payment,
46,23,Garza-Cummings,2025-04-01 10:46:09,140.52,"9419 Jonathan Locks, Syracuse, NY 16127",purchase,
47,4,Thomas-Decker,2025-04-01 10:49:02,223.94,"2439 Webb Islands, White Plains, NY 17240",wire_transfer,
48,21,Tyler LLC,2025-04-01 11:06:39,-98.12,"8524 Smith Lock, Yonkers, NY 14097",refund,
49,17,"Cox, Hernandez and White",2025-04-01 11:20:15,137.33,"1296 Wells Island, Binghamton, NY 15404",bill_payment,
50,29,Curry Inc,2025-04-01 11:20:45,16.89,"6514 Jeffrey Shoal, Niagara Falls, NY 19170",purchase,
51,29,Bauer-Stevens,2025-04-01 11:36:36,117.98,"9953 Davis Village, Bronx, NY 10648",atm_withdrawal,
52,13,Gross Inc,2025-04-01 12:20:38,245.7,"7676 Jenkins Terrace, Queens, NY 15946",bill_payment,
53,10,"White, Hunt and Anderson",2025-04-01 12:25:42,380.98,"1157 Yoder Field, White Plains, NY 13797",bill_payment,
54,50,Copeland-Delacruz,2025-04-01 12:44:11,353.19,"9947 Brian Fields, Schenectady, NY 14046",p2p_transfer,
55,10,Murray-Taylor,2025-04-01 12:54:41,-336.03,"3920 Johnson Springs, Brooklyn, NY 10552",refund,
56,43,Larsen Group,2025-04-01 12:55:29,275.93,"6847 Long Coves, Bronx, NY 13145",wire_transfer,
57,4,"Savage, Miller and Johnson",2025-04-01 13:34:24,-94.66,"7075 Pacheco Hills, Yonkers, NY 13778",refund,
58,33,"Davis, Jones and Mcdaniel",2025-04-01 13:44:15,-158.58,"6540 Young Drive, Staten Island, NY 14801",refund,
59,33,Coleman Ltd,2025-04-01 13:46:07,422.62,"7158 Carroll Harbors, Binghamton, NY 13858",bill_payment,
60,13,Hanson-Parker,2025-04-01 13:48:05,-412.03,"2668 Dean Harbor, White Plains, NY 10852",refund,
61,26,Rivera PLC,2025-04-01 13:50:03,53.74,"2002 Ali Fields, Ithaca, NY 17681",wire_transfer,
62,26,Mason and Sons,2025-04-01 13:54:11,157.17,"5297 Sarah Neck, Brooklyn, NY 15336",atm_withdrawal,
63,47,Davis-Roberts,2025-04-01 13:57:37,771.15,"7469 Ortega Locks, Albany, NY 18465",atm_withdrawal,
64,19,Anderson and Sons,2025-04-01 14:00:20,404.02,"5823 Justin Estates, Yonkers, NY 16631",wire_transfer,
65,12,Garza-Hernandez,2025-04-01 14:11:34,3261.9,"7838 Conway Mountain, Binghamton, NY 18191",bill_payment,
66,21,Wilson and Sons,2025-04-01 14:14:46,394.42,"9163 Hill Estate, Ithaca, NY 19096",p2p_transfer,
67,17,George-Garcia,2025-04-01 14:32:08,445.52,"6931 Fisher Drives, New York, NY 17244",bill_payment,
68,13,Gomez-Roberts,2025-04-01 14:36:28,-75.95,"3674 Walter River, Rochester, NY 12883",refund,
69,44,"Anderson, Perez and Massey",2025-04-01 14:43:37,229.21,"8161 Lauren Groves, North Peter, FL 36599",bill_payment,
70,38,York and Sons,2025-04-01 14:52:16,182.87,"6643 Brent Ports, Syracuse, NY 14636",p2p_transfer,
71,7,Mcmillan-Miller,2025-04-01 15:05:57,359.68,"3596 Tammy Mews, Staten Island, NY 12761",bill_payment,
72,28,Carr-Hines,2025-04-01 15:11:44,435.94,"3562 Jenkins Mall, Cheektowaga, NY 16133",p2p_transfer,
73,25,Johnson-Davenport,2025-04-01 15:23:46,198.99,"7642 Jackson Centers, Cheektowaga, NY 12640",wire_transfer,
74,32,Andrews-Bond,2025-04-01 15:26:13,70.75,"9016 Kimberly Trafficway, Bronx, NY 17508",atm_withdrawal,
75,57,Brown-Hamilton,2025-04-01 16:09:51,114.29,"8210 Peterson Key, Christiantown, PA 19986",purchase,
76,1,"Graham, Munoz and Davis",2025-04-01 16:27:17,178.14,"520 Mark Drive, New York, NY 17931",atm_withdrawal,
77,3,Smith and Sons,2025-04-01 16:34:28,161.0,"1976 Yoder Locks, Schenectady, NY 15151",atm_withdrawal,
78,28,"Smith, Nguyen and White",2025-04-01 16:47:24,204.68,"8547 Keith Court, Bronx, NY 11162",wire_transfer,
79,58,Marshall-Hawkins,2025-04-01 16:53:49,-99.26,"7709 Clarke Fort, Troy, NY 13624",refund,
80,30,Schneider PLC,2025-04-01 16:55:28,140.81,"1436 Buchanan Hollow, Lake Robert, TX 72575",p2p_transfer,
81,29,Carr LLC,2025-04-01 17:00:16,-153.05,"7457 Valenzuela Crossroad, East Jacquelineshire, NJ 02861",refund,
82,34,Snow PLC,2025-04-01 17:04:23,214.58,"662 Ortiz Alley, Troy, NY 17178",wire_transfer,
83,50,Jenkins Group,2025-04-01 17:26:26,337.67,"3832 Garcia View, Cheektowaga, NY 18447",p2p_transfer,
84,28,Romero-Stephens,2025-04-01 17:40:34,199.37,"3721 Benson Stream, Utica, NY 13007",atm_withdrawal,
85,13,"Perry, Jones and Wright",2025-04-01 17:56:17,325.36,"9541 Melissa Motorway, Albany, NY 17671",bill_payment,
86,21,Barrett PLC,2025-04-01 17:58:46,-200.57,"3560 Michael View, Syracuse, NY 15757",refund,
87,29,"Black, Johns and Patrick",2025-04-01 18:22:55,7474.05,"7847 Garcia Pike, Bronx, NY 13888",p2p_transfer,
88,50,Blanchard Inc,2025-04-01 18:33:43,-53.22,"2225 Moon Pine, Valenciaton, VT 06361",refund,
89,12,Middleton-Bell,2025-04-01 18:34:28,-424.47,"6630 Kimberly Lake, Schenectady, NY 16275",refund,
90,7,"Shelton, Hill and Cox",2025-04-01 18:38:36,54.8,"9136 Kayla Overpass, Yonkers, NY 11783",atm_withdrawal,
91,55,Frazier-Hanson,2025-04-01 18:45:58,200.82,"3386 Gray Divide, Staten Island, NY 12178",p2p_transfer,
92,26,Carr-Murray,2025-04-01 18:55:24,226.23,"4738 Roger Loop, Niagara Falls, NY 18124",wire_transfer,
93,5,"Orozco, Brooks and Chung",2025-04-01 18:57:00,404.66,"1623 Stanley Square, Ithaca, NY 19629",bill_payment,
94,43,Myers-James,2025-04-01 19:23:34,-171.73,"1170 Brandon Shoal, Brooklyn, NY 12249",refund,
95,12,May Inc,2025-04-01 19:35:31,33.1,"5177 Smith Ports, Utica, NY 10108",atm_withdrawal,
96,42,Brennan LLC,2025-04-01 19:53:29,303.05,"4482 Beasley Locks, Albany, NY 10145",p2p_transfer,
97,32,Wiggins and Sons,2025-04-01 20:09:38,318.04,"3898 William Keys, White Plains, NY 18316",bill_payment,
98,33,Goodwin Group,2025-04-01 20:13:17,97.84,"262 John Mills, Yonkers, NY 13630",atm_withdrawal,
99,39,Weaver-Brown,2025-04-01 20:18:53,473.95,"6131 Tiffany Roads, Bronx, NY 17391",p2p_transfer,
100,35,Mcgee-George,2025-04-01 20:33:15,65.58,"2874 Whitney Junction, Syracuse, NY 12076",p2p_transfer,
101,10,Ramsey and Sons,2025-04-01 20:39:41,-351.84,"7468 Jared Club, Binghamton, NY 15141",refund,
102,9,Weber-Hawkins,2025-04-01 20:41:58,122.68,"5961 Justin View, Annaport, TX 70253",atm_withdrawal,
103,10,"Smith, Lopez and Lane",2025-04-01 20:50:11,151.33,"3855 Kristina Lock, Ithaca, NY 12632",wire_transfer,
104,51,Stanton LLC,2025-04-01 20:59:20,183.08,"4084 Joseph Shore, Buffalo, NY 17867",atm_withdrawal,
105,33,Frederick-Cuevas,2025-04-01 21:18:25,317.24,"5262 Zachary Divide, White Plains, NY 16735",p2p_transfer,
106,25,Myers-Thompson,2025-04-01 21:21:12,65.29,"2209 Christine Road, Utica, NY 14636",atm_withdrawal,
107,24,Gonzalez LLC,2025-04-01 21:24:21,1315.65,"8542 Antonio Grove, Staten Island, NY 16686",purchase,
108,18,"Hunt, Flores and Cruz",2025-04-01 21:34:12,93.25,"3189 Kathleen Parkway, Rochester, NY 12851",p2p_transfer,
109,36,Leonard-Edwards,2025-04-01 21:45:15,215.3,"3070 Jeffrey Rue, Yonkers, NY 18421",bill_payment,
110,28,"Williams, Andrade and Anderson",2025-04-01 21:54:53,201.36,"3825 Wells Plains, Cheektowaga, NY 13766",bill_payment,
111,58,Robinson Group,2025-04-01 22:05:56,264.43,"5810 Gregory Stravenue, Syracuse, NY 18881",purchase,
112,13,Young-Wilson,2025-04-01 22:31:11,46.7,"6666 Gregory Shoal, Buffalo, NY 11554",atm_withdrawal,
113,46,"James, Gonzalez and Dunn",2025-04-01 22:35:56,-375.49,"6685 Robinson Views, Cheektowaga, NY 19358",refund,
114,14,Cox Group,2025-04-01 22:41:22,477.71,"4125 Johnson Branch, Syracuse, NY 12790",wire_transfer,
115,4,"Rodriguez, Nelson and Moore",2025-04-01 22:46:31,348.57,"2137 Krueger Island, Utica, NY 16162",p2p_transfer,
116,55,Mejia-Cook,2025-04-01 22:48:39,-302.56,"5130 Adams Valley, White Plains, NY 16828",refund,
117,4,"Molina, Sparks and West",2025-04-01 22:50:56,378.18,"9439 Nancy Lake, Queens, NY 19453",wire_transfer,
118,11,"Fields, Butler and Brown",2025-04-01 22:54:03,442.49,"9376 Eaton Ville, Cheektowaga, NY 15810",wire_transfer,
119,3,Larsen PLC,2025-04-01 23:01:03,35.45,"5856 Banks Ville, Port Michael, IL 60623",purchase,
120,15,"Gibson, Boyd and Powell",2025-04-01 23:02:03,64.56,"4841 White Fields, Utica, NY 13740",purchase,
121,37,"Bennett, Jordan and Morris",2025-04-01 23:38:10,116.82,"1914 Jonathan Village, Rochester, NY 13773",atm_withdrawal,
122,22,Scott Group,2025-04-01 23:55:57,259.9,"9854 Thompson Crossroad, Fisherfurt, VT 01531",p2p_transfer,
123,37,Holmes-Miller,2025-04-02 02:21:12,3748.2,"2309 Jennifer Rest, Ithaca, NY 19683",bill_payment,
124,14,"Jordan, Wilson and Hunter",2025-04-02 02:27:27,408.41,"1158 Schneider Glen, Buffalo, NY 19745",wire_transfer,
125,14,Irwin LLC,2025-04-02 02:27:56,85.15,"2419 Daniels Station, Albany, NY 15972",bill_payment,
126,14,"Murray, Bentley and Bradford",2025-04-02 02:46:58,307.7,"3119 Carla Extensions, Staten Island, NY 18616",p2p_transfer,
127,5,Jackson Inc,2025-04-02 02:56:55,280.49,"6854 James Green, Utica, NY 15497",wire_transfer,
128,48,Pena Inc,2025-04-02 03:13:18,403.39,"4650 Kane Parkways, Niagara Falls, NY 12656",bill_payment,
129,25,Cobb-Brown,2025-04-02 03:20:05,139.87,"7720 Deborah Square, Rochester, NY 11282",p2p_transfer,
130,47,Schneider-Irwin,2025-04-02 03:23:21,237.01,"6994 Megan Road, New York, NY 12969",purchase,
131,51,Green-Wilson,2025-04-02 04:20:14,136.91,"7779 Craig Crescent, Niagara Falls, NY 17231",p2p_transfer,
132,34,Avila Inc,2025-04-02 04:33:47,108.31,"3473 Maria Tunnel, New York, NY 14463",p2p_transfer,
133,58,Wilkinson Inc,2025-04-02 04:44:50,455.3,"7647 Alyssa Centers, Ithaca, NY 16234",p2p_transfer,
134,42,Meyers-Jones,2025-04-02 04:45:24,130.09,"4284 Amber Squares, New York, NY 14660",atm_withdrawal,
135,45,Harrington PLC,2025-04-02 04:54:49,103.13,"4585 Howell River, Rochester, NY 14008",bill_payment,
136,38,Barron-Wilson,2025-04-02 05:05:28,52.11,"7494 Ethan Oval, Albany, NY 13795",atm_withdrawal,
137,45,"Stewart, Curry and Roach",2025-04-02 05:10:18,75.92,"7586 Rodriguez Trail, Utica, NY 16366",purchase,
138,1,"Neal, Stewart and Spence",2025-04-02 05:33:38,145.62,"4372 Paul Underpass, Rochester, NY 17641",p2p_transfer,
139,4,Williams PLC,2025-04-02 05:57:33,179.96,"5585 Hamilton Points, Binghamton, NY 16007",bill_payment,
140,28,Cox Group,2025-04-02 06:10:09,159.35,"8554 Vance Junction, Staten Island, NY 12315",bill_payment,
141,19,Shelton-Hood,2025-04-02 06:29:20,451.51,"4916 Lewis Stream, Schenectady, NY 13767",wire_transfer,
142,50,"White, Arias and Mathews",2025-04-02 06:54:59,244.89,"7488 Williams Trafficway, Binghamton, NY 11465",bill_payment,
143,42,Wright-Hardy,2025-04-02 07:10:25,250.67,"7998 Natalie Manors, Queens, NY 13899",purchase,
144,49,"Melendez, Morrow and Brown",2025-04-02 07:15:11,341.34,"5254 Alexander Village, Utica, NY 18637",wire_transfer,
145,13,"Johnson, Stewart and Allison",2025-04-02 07:43:59,210.68,"5885 Sherri Views, South Douglas, CT 07847",purchase,
146,39,"Hanson, Pierce and Fox",2025-04-02 07:45:26,104.5,"2227 Nguyen Skyway, Albany, NY 16972",purchase,
147,16,"Frazier, Miller and Baker",2025-04-02 08:04:32,83.17,"2463 Buchanan Mountain, Rochester, NY 13121",p2p_transfer,
148,44,Jensen LLC,2025-04-02 08:06:43,80.48,"2667 Mcintosh Gardens, Utica, NY 17037",atm_withdrawal,
149,28,"Tapia, Walsh and Morton",2025-04-02 08:26:54,26.28,"3489 Saunders Vista, Christopherview, PA 19999",atm_withdrawal,
150,26,Bauer Ltd,2025-04-02 08:45:24,392.73,"1360 Harper Ways, Niagara Falls, NY 17435",wire_transfer,
151,50,Stewart-Gonzalez,2025-04-02 08:54:57,260.48,"5090 Walker Courts, Staten Island, NY 13220",bill_payment,
152,60,Smith Group,2025-04-02 09:03:57,199.89,"9891 Kelli Lakes, New Kelly, IL 61335",atm_withdrawal,
153,51,"Fisher, Davis and Wells",2025-04-02 09:07:04,-286.74,"1222 Chapman Vista, Ithaca, NY 11979",refund,
154,22,Anderson LLC,2025-04-02 09:11:52,76.25,"7148 Dawson Cape, Lake Craigberg, CA 93380",p2p_transfer,
155,9,Gray-Brooks,2025-04-02 09:51:08,-25.74,"9915 Zamora Roads, Syracuse, NY 10930",refund,
156,18,Price-Espinoza,2025-04-02 10:08:15,18.08,"4411 Young Roads, Yonkers, NY 14231",purchase,
157,38,"Gibbs, Harrison and Bailey",2025-04-02 11:11:43,112.37,"1420 Shannon Court, White Plains, NY 14512",atm_withdrawal,
158,44,West-Young,2025-04-02 11:19:40,494.39,"5120 Miller Drive, Queens, NY 15396",wire_transfer,
159,55,Roman Ltd,2025-04-02 11:31:30,-35.42,"6464 Jerry Heights, Staten Island, NY 13363",refund,
160,13,Warren-Howell,2025-04-02 12:25:22,142.95,"4490 Yates Field, New York, NY 16697",atm_withdrawal,
161,4,"Le, Walter and Hall",2025-04-02 12:27:59,99.68,"2126 Michael Forks, Brooklyn, NY 12411",p2p_transfer,
162,23,"Long, Robertson and Noble",2025-04-02 12:33:20,108.78,"7177 Sanders Crossing, Rochester, NY 16536",p2p_transfer,
163,25,Clark PLC,2025-04-02 12:40:03,-260.73,"2712 Graham Square, Bronx, NY 13246",refund,
164,17,"Taylor, Sullivan and Green",2025-04-02 12:40:31,324.83,"2962 John Drive, Buffalo, NY 10658",wire_transfer,
165,60,Trevino-Williams,2025-04-02 12:50:51,5562.45,"9294 Mckee Streets, Albany, NY 18535",wire_transfer,
166,44,Brown Inc,2025-04-02 13:06:15,76.07,"248 Kaitlyn Roads, Niagara Falls, NY 19460",atm_withdrawal,
167,4,"Franco, Nguyen and Galloway",2025-04-02 13:30:19,-113.35,"682 Tiffany Terrace, Staten Island, NY 10669",refund,
168,10,Zimmerman-Martin,2025-04-02 13:41:20,490.44,"9712 Susan Cliffs, Buffalo, NY 14623",p2p_transfer,
169,17,Brooks Inc,2025-04-02 14:20:23,-376.0,"1493 Laura Squares, Binghamton, NY 14416",refund,
170,55,Brown-Velasquez,2025-04-02 14:26:37,397.82,"5662 Gilmore Lodge, South Dalestad, IL 61395",p2p_transfer,
171,25,Sullivan PLC,2025-04-02 15:04:13,-451.06,"7409 Edwards Port, New York, NY 16861",refund,
172,35,"Stanley, Hill and Reed",2025-04-02 15:04:40,374.48,"73 David Summit, Syracuse, NY 12544",bill_payment,
173,47,"Sloan, Jones and Bryan",2025-04-02 15:12:59,116.36,"1234 Theresa Trafficway, Albany, NY 12512",atm_withdrawal,
174,7,Moreno-Cole,2025-04-02 15:17:23,93.11,"4666 James Estate, Yonkers, NY 15535",atm_withdrawal,
175,1,Weber Inc,2025-04-02 15:51:32,2339.7,"4295 Samuel Crossing, Yonkers, NY 12165",atm_withdrawal,
176,25,"Gross, Nelson and Gonzalez",2025-04-02 16:16:14,433.62,"8851 Alvarez Locks, Bronx, NY 17231",p2p_transfer,
177,21,Dennis and Sons,2025-04-02 16:21:54,95.96,"6492 Cherry Crest, Binghamton, NY 19335",purchase,
178,33,Jones-Gross,2025-04-02 16:34:25,9.43,"4563 Burnett Shore, New York, NY 18482",purchase,
179,55,"Meyer, Day and Thompson",2025-04-02 17:17:11,284.27,"7431 Paige Forks, Bronx, NY 13395",purchase,
180,40,Black and Sons,2025-04-02 17:29:40,1698.75,"5704 Webb Mountains, Syracuse, NY 19302",atm_withdrawal,
181,21,Lee-Brown,2025-04-02 18:20:33,252.78,"6641 Brett Forest, Cheektowaga, NY 10553",wire_transfer,
182,52,Ferrell-Horne,2025-04-02 18:29:51,330.27,"3258 Lawrence Lake, Niagara Falls, NY 10449",wire_transfer,
183,8,Morris-Shelton,2025-04-02 18:39:57,105.33,"6948 Smith Spur, Rochester, NY 19064",purchase,
184,44,Moore PLC,2025-04-02 19:34:22,349.03,"6006 Katelyn Crest, Troy, NY 11047",bill_payment,
185,58,West-Nelson,2025-04-02 20:01:35,71.97,"5019 Aaron Camp, Syracuse, NY 19059",p2p_transfer,
186,41,Ruiz-Hebert,2025-04-02 20:20:12,426.98,"781 Reid Motorway, Rochester, NY 15492",bill_payment,
187,31,Simmons-Nguyen,2025-04-02 20:25:08,-283.62,"1684 Tina Meadow, Cheektowaga, NY 16467",refund,
188,59,Vance and Sons,2025-04-02 20:36:33,262.84,"7035 Morrison Knolls, Troy, NY 12506",p2p_transfer,
189,60,"Campos, Smith and Washington",2025-04-02 20:53:01,244.27,"6108 Diana Mills, Buffalo, NY 10629",p2p_transfer,
190,18,Moran-Hayes,2025-04-02 21:28:44,-183.16,"9761 Williams Plains, Cheektowaga, NY 10025",refund,
191,22,White-Jenkins,2025-04-02 21:55:04,164.52,"6318 Valerie Neck, Albany, NY 17904",atm_withdrawal,
192,18,"Anderson, Harris and Thomas",2025-04-02 22:16:05,-69.42,"1130 David Pass, Albany, NY 17977",refund,
193,60,"Green, Hartman and Williams",2025-04-02 22:29:57,340.86,"1787 Adams Rue, Roseborough, FL 32586",p2p_transfer,
194,35,"Kelley, Maynard and Moreno",2025-04-02 22:39:10,60.39,"8606 Manning Orchard, East Candice, CA 96553",purchase,
195,53,"Ortiz, Holland and Branch",2025-04-02 23:45:05,185.92,"5459 Daisy Center, Queens, NY 18185",bill_payment,
196,27,"Ellis, Donovan and West",2025-04-02 23:50:18,229.85,"3135 Cabrera Neck, Niagara Falls, NY 13060",p2p_transfer,
197,14,"Church, Chase and Olson",2025-04-03 01:00:39,28.54,"7361 Jose Spur, Cheektowaga, NY 10753",atm_withdrawal,
198,7,Williams Group,2025-04-03 01:03:58,199.71,"5993 Smith Path, Albany, NY 12715",atm_withdrawal,
199,32,Boyer and Sons,2025-04-03 01:05:03,180.22,"1155 Alvarado Forks, Utica, NY 18072",p2p_transfer,
200,8,Jenkins Group,2025-04-03 01:12:51,175.18,"9439 Snyder Bypass, New York, NY 18524",atm_withdrawal,
201,12,Melendez-Thomas,2025-04-03 01:20:03,-250.28,"2683 Jeanette Mount, Niagara Falls, NY 14181",refund,
202,46,"Williams, Saunders and Walker",2025-04-03 01:52:24,-253.15,"7195 Dean Valleys, Ithaca, NY 15895",refund,
203,52,Turner-Ramirez,2025-04-03 02:03:51,92.79,"7080 Todd Plains, Syracuse, NY 16007",wire_transfer,
204,58,"Roberts, Herrera and Curtis",2025-04-03 02:17:15,1689.45,"2917 Ray Points, Albany, NY 18312",purchase,
205,42,Pierce-Thompson,2025-04-03 02:44:26,313.3,"4915 Bowers Lakes, Yonkers, NY 19809",p2p_transfer,
206,57,"Espinoza, Morales and Stanton",2025-04-03 02:48:04,-48.33,"9860 Rebecca Station, Ithaca, NY 16947",refund,
207,35,Davis Inc,2025-04-03 03:10:29,320.37,"8379 Alexis Center, Utica, NY 16777",wire_transfer,
208,13,West-Martinez,2025-04-03 03:11:56,247.19,"1545 Chung Point, Niagara Falls, NY 10964",bill_payment,
209,3,Johnson LLC,2025-04-03 03:32:29,67.22,"7723 Patrick Inlet, Espinozastad, CT 00795",atm_withdrawal,
210,45,Miller LLC,2025-04-03 03:37:59,-232.71,"9799 Suarez Shores, Cheektowaga, NY 17107",refund,
211,2,"Barnes, Hodges and Alvarado",2025-04-03 03:45:17,320.75,"4969 Barnett Heights, Syracuse, NY 18571",bill_payment,
212,20,Moran and Sons,2025-04-03 03:49:27,340.89,"365 Sullivan Summit, Troy, NY 12311",bill_payment,
213,49,Hall LLC,2025-04-03 04:13:40,-50.92,"162 Johnson Well, New York, NY 12413",refund,
214,43,Mason-Williams,2025-04-03 04:18:53,-414.81,"2687 Williams Keys, Rochester, NY 13171",refund,
215,27,Long PLC,2025-04-03 04:33:37,-444.36,"1809 Seth Squares, Ithaca, NY 15787",refund,
216,24,Lin Group,2025-04-03 04:34:03,109.68,"4123 Newton Junctions, Cheektowaga, NY 15425",atm_withdrawal,
217,15,"Campbell, Miller and Gomez",2025-04-03 04:41:45,61.72,"6024 Mark Villages, Schenectady, NY 17813",bill_payment,
218,27,Thomas-Maxwell,2025-04-03 04:56:26,4456.05,"7746 Ronald Ports, White Plains, NY 15664",p2p_transfer,
219,5,Johnson-Hinton,2025-04-03 05:32:59,-290.24,"1698 Collins Field, Bronx, NY 19318",refund,
220,31,Burton Group,2025-04-03 05:50:32,228.65,"4842 James Track, Bronx, NY 18877",purchase,
221,17,Romero-Adams,2025-04-03 06:00:55,373.14,"9339 Weaver Forest, Utica, NY 19401",p2p_transfer,
222,60,"Dyer, Howell and Weiss",2025-04-03 06:10:50,159.57,"1451 Angela Roads, Utica, NY 12347",atm_withdrawal,
223,56,Scott-Rhodes,2025-04-03 06:50:34,276.85,"8821 Weiss Hill, Paulfurt, PA 16779",wire_transfer,
224,38,"Morris, Liu and Ford",2025-04-03 06:53:32,174.0,"4190 Victoria Ridges, Syracuse, NY 19366",atm_withdrawal,
225,3,James-Wallace,2025-04-03 07:21:47,-438.04,"4157 Harris Run, Binghamton, NY 11668",refund,
226,11,"Harris, Baker and Blackwell",2025-04-03 07:30:32,263.04,"8701 Roy Wall, White Plains, NY 10330",bill_payment,
227,29,Carroll and Sons,2025-04-03 07:41:51,3030.6,"8605 Tristan Plaza, Staten Island, NY 13106",bill_payment,
228,5,Garrison PLC,2025-04-03 07:54:08,285.31,"1479 Jennifer Ranch, Niagara Falls, NY 16183",bill_payment,
229,39,Lam-Aguilar,2025-04-03 07:59:34,393.74,"1529 Coleman Extension, White Plains, NY 18992",wire_transfer,
230,23,Smith LLC,2025-04-03 07:59:47,412.09,"4577 Brooks Ports, Matthewland, IL 67557",p2p_transfer,
231,4,"Howard, Griffin and Miller",2025-04-03 08:14:11,83.94,"4897 Dean Lane, Syracuse, NY 17475",bill_payment,
232,60,Myers-Maxwell,2025-04-03 08:22:18,51.92,"2171 Martinez Junctions, Buffalo, NY 17861",bill_payment,
233,56,"Moore, Long and Wiggins",2025-04-03 08:26:47,-61.5,"4218 Matthew Haven, Troy, NY 15767",refund,
234,49,Peck PLC,2025-04-03 08:36:46,195.06,"4797 Philip Via, Brooklyn, NY 16777",p2p_transfer,
235,13,"Terrell, Sanders and Schroeder",2025-04-03 09:18:46,-472.0,"7630 Barker Mill, Yonkers, NY 16950",refund,
236,11,Lopez Group,2025-04-03 09:19:04,234.72,"8452 Miles Radial, Schenectady, NY 16440",purchase,
237,5,"Phillips, Little and Blankenship",2025-04-03 09:31:36,271.65,"7078 Boone Isle, New York, NY 10775",purchase,
238,53,"Wade, Mendoza and Neal",2025-04-03 09:32:29,177.9,"5588 Ellis Harbor, Niagara Falls, NY 19004",atm_withdrawal,
239,4,Black Ltd,2025-04-03 09:57:44,382.58,"4491 Dodson Port, Wrighttown, TX 72010",wire_transfer,
240,18,Brown-Smith,2025-04-03 11:03:33,260.23,"7760 Sanders Via, Brooklyn, NY 18191",bill_payment,
241,47,Ellis-Alvarado,2025-04-03 11:09:12,90.72,"2926 Fowler Square, Schenectady, NY 13567",wire_transfer,
242,51,"Galloway, Ramirez and Armstrong",2025-04-03 11:14:08,427.89,"2621 Jones Brook, Brooklyn, NY 15391",p2p_transfer,
243,36,Young-Ferrell,2025-04-03 11:20:05,181.89,"6421 Gutierrez Alley, Binghamton, NY 16569",bill_payment,
244,22,"Herman, Wagner and Johnson",2025-04-03 11:53:09,55.32,"5402 Ronald Plaza, Schenectady, NY 15504",bill_payment,
245,3,Brown PLC,2025-04-03 12:23:50,398.92,"7386 Julie Valley, Schenectady, NY 19242",bill_payment,
246,12,"Chavez, Garcia and Douglas",2025-04-03 12:32:32,253.89,"4179 William Crossroad, Utica, NY 18643",bill_payment,
247,9,Simmons-Olson,2025-04-03 12:36:36,244.37,"7312 Yolanda Turnpike, Brooklyn, NY 17894",purchase,
248,19,"Moss, Cooke and Aguilar",2025-04-03 13:12:18,85.89,"8450 Melissa Union, Brooklyn, NY 14965",atm_withdrawal,
249,9,Ramirez-Herrera,2025-04-03 13:24:03,81.55,"2082 Scott Crossing, New York, NY 11355",wire_transfer,
250,6,Reed-Simmons,2025-04-03 13:43:03,254.57,"6492 Ross Ford, Staten Island, NY 14790",wire_transfer,
251,55,Romero Inc,2025-04-03 14:07:53,25.02,"4824 David Mall, Troy, NY 13909",atm_withdrawal,
252,18,Collins LLC,2025-04-03 14:16:30,-159.7,"39 Sherri Tunnel, Buffalo, NY 14054",refund,
253,50,"Ferguson, Miller and Drake",2025-04-03 15:01:35,71.24,"7198 Harris Square, Staten Island, NY 14586",bill_payment,
254,56,Gray-Maynard,2025-04-03 15:05:45,-483.0,"348 Shaffer Rapid, Syracuse, NY 19941",refund,
255,28,Knight LLC,2025-04-03 16:04:02,442.89,"6556 Harold Ferry, Schenectady, NY 18084",bill_payment,
256,47,"Melendez, Ortega and Watson",2025-04-03 16:14:16,134.96,"1002 Wells Ford, Schenectady, NY 15879",bill_payment,
257,31,Raymond-Johnson,2025-04-03 16:34:44,364.7,"2296 Torres Ford, Rochester, NY 17205",p2p_transfer,
258,3,"Faulkner, Glass and Charles",2025-04-03 17:32:32,416.88,"5641 Laura Forges, Bronx, NY 10213",p2p_transfer,
259,15,"Payne, Carter and Weaver",2025-04-03 17:38:17,-305.16,"6217 White Street, Niagara Falls, NY 10591",refund,
260,15,"Gonzalez, Moore and Franco",2025-04-03 17:44:07,-131.39,"7057 Mark Fords, Cheektowaga, NY 16048",refund,
261,49,Smith Inc,2025-04-03 17:52:53,221.78,"2136 Howard Brook, Rochester, NY 11729",bill_payment,
262,49,Richards Group,2025-04-03 18:16:04,258.15,"2515 Ware Pass, South Walterberg, CT 06961",purchase,
263,25,Padilla Ltd,2025-04-03 18:19:45,196.96,"2226 Larson Hill, Utica, NY 15193",atm_withdrawal,
264,57,Sanders-Martinez,2025-04-03 18:19:56,-296.3,"9021 Chad River, Schenectady, NY 12187",refund,
265,5,Simmons-Becker,2025-04-03 18:37:09,464.87,"9736 Christian Pike, Niagara Falls, NY 19314",p2p_transfer,
266,42,White-Fleming,2025-04-03 18:50:06,413.72,"3236 Emily Isle, Albany, NY 17013",p2p_transfer,
267,35,Baker Ltd,2025-04-03 18:55:20,114.98,"3038 Sarah Green, Ithaca, NY 12998",wire_transfer,
268,40,"Moran, Hooper and Mitchell",2025-04-03 19:04:34,373.71,"5978 Salazar Hollow, Queens, NY 17504",bill_payment,
269,17,Floyd-Barnett,2025-04-03 19:15:36,467.71,"1160 Smith Ford, Ithaca, NY 18730",p2p_transfer,
270,4,"Smith, Ramos and Lopez",2025-04-03 19:30:10,461.13,"2318 Mckee Squares, Bronx, NY 11991",wire_transfer,
271,1,"Gomez, Morris and Allen",2025-04-03 19:31:14,335.5,"4209 Church Gardens, Queens, NY 12266",p2p_transfer,
272,10,Swanson LLC,2025-04-03 19:36:05,442.54,"8993 Tara Glens, New York, NY 13211",wire_transfer,
273,16,Mendez-Price,2025-04-03 19:40:29,-176.56,"2327 Greene Bridge, Cheektowaga, NY 16666",refund,
274,19,"Wright, Tanner and Day",2025-04-03 19:46:40,262.04,"4646 Megan Pine, Brooklyn, NY 13734",wire_transfer,
275,8,"Grant, Benson and Rodriguez",2025-04-03 20:10:07,267.39,"6042 Jimenez Ranch, Lake Lucas, CT 02556",p2p_transfer,
276,50,Clark-Jones,2025-04-03 20:11:44,280.6,"1514 Cody Forge, Utica, NY 10710",p2p_transfer,
277,12,Brown PLC,2025-04-03 20:18:35,313.85,"6310 Burke Ports, Walkerchester, IL 60325",bill_payment,
278,37,Jackson-Melendez,2025-04-03 20:18:53,291.11,"5411 Jessica River, Rochester, NY 13588",p2p_transfer,
279,42,Johnson and Sons,2025-04-03 20:26:43,97.59,"7265 Wood Vista, Schenectady, NY 19206",wire_transfer,
280,36,"Hughes, Ray and Russell",2025-04-03 20:27:14,3824.55,"5407 Ian Lock, White Plains, NY 16650",purchase,
281,17,Park Ltd,2025-04-03 20:31:03,101.65,"5499 Martin Harbors, Schenectady, NY 15751",bill_payment,
282,44,Montgomery and Sons,2025-04-03 21:29:00,148.56,"807 Savage Highway, Niagara Falls, NY 12983",atm_withdrawal,
283,51,Long LLC,2025-04-03 21:59:09,191.61,"1466 Flores Ports, East Johnberg, IL 64774",bill_payment,
284,5,Nelson-Jones,2025-04-03 22:24:27,90.26,"2864 Rebecca Turnpike, Staten Island, NY 12101",purchase,
285,25,Obrien PLC,2025-04-03 22:35:56,109.11,"6803 Sarah Walk, Schenectady, NY 10236",p2p_transfer,
286,4,"Nguyen, Snyder and Gonzalez",2025-04-03 22:37:49,231.46,"4126 David Villages, White Plains, NY 11242",p2p_transfer,
287,60,"Young, Mitchell and Bray",2025-04-03 23:10:52,499.78,"3356 Dudley Harbor, New York, NY 18896",bill_payment,
288,15,Whitney-Harris,2025-04-03 23:16:16,473.22,"1643 Samuel Roads, Syracuse, NY 15298",bill_payment,
289,33,"Patrick, Wu and Kim",2025-04-03 23:26:41,-240.81,"2018 Richard Tunnel, New York, NY 18365",refund,
290,5,Thompson Inc,2025-04-03 23:45:17,444.46,"7083 Duran Crossing, Ithaca, NY 19522",wire_transfer,
291,30,Brown PLC,2025-04-04 01:08:33,426.75,"3211 Knox Course, Syracuse, NY 16990",bill_payment,
292,58,"Camacho, Rivers and Stafford",2025-04-04 01:20:06,141.03,"1124 Owens Turnpike, Niagara Falls, NY 16129",atm_withdrawal,
293,4,Thompson LLC,2025-04-04 01:35:13,324.35,"2153 Snyder Forges, Troy, NY 14929",p2p_transfer,
294,23,Graham Inc,2025-04-04 01:47:24,1008.3,"2308 Tammy Mills, Bronx, NY 12434",purchase,
295,5,Gonzales-Williams,2025-04-04 01:54:23,191.09,"4047 Thomas Terrace, Rochester, NY 15085",bill_payment,
296,5,"Guzman, Stewart and Garcia",2025-04-04 01:58:31,488.94,"331 Harrison Court, Troy, NY 17444",bill_payment,
297,9,Smith-Wright,2025-04-04 02:06:54,5605.05,"1687 Michelle Trafficway, New York, NY 15296",wire_transfer,
298,59,"Webb, Hardin and Wilcox",2025-04-04 02:24:28,167.08,"6293 Erin Points, Yonkers, NY 17845",purchase,
299,30,"Rios, Mckinney and Burton",2025-04-04 02:32:10,276.71,"9249 Williams Port, Staten Island, NY 13808",purchase,
300,18,Wood LLC,2025-04-04 02:35:03,268.9,"8038 Stephen Extension, Staten Island, NY 14052",p2p_transfer,
301,33,Bentley Inc,2025-04-04 02:46:14,274.53,"6508 Thomas Mews, Port Travis, VT 09356",p2p_transfer,
302,26,"Higgins, Parker and Walker",2025-04-04 02:47:26,116.59,"28 Sherri Brooks, Schenectady, NY 10074",bill_payment,
303,18,Clark LLC,2025-04-04 02:52:02,144.86,"613 Mary Fords, Niagara Falls, NY 15488",atm_withdrawal,
304,28,Thomas-Ryan,2025-04-04 03:18:36,147.34,"4374 Jones Falls, Troy, NY 13814",atm_withdrawal,
305,57,Williams-Marshall,2025-04-04 03:36:48,84.14,"6319 Andrew Manors, Kirkmouth, IL 68961",atm_withdrawal,
306,27,"Rodriguez, King and Roach",2025-04-04 03:41:26,430.11,"9013 Elizabeth Islands, Bronx, NY 11640",p2p_transfer,
307,20,"Smith, Smith and Miller",2025-04-04 04:11:54,169.97,"4049 Smith Underpass, Utica, NY 18113",wire_transfer,
308,57,Browning Group,2025-04-04 04:25:34,156.95,"5965 Roger Curve, Utica, NY 15240",purchase,
309,58,"Graham, Wilson and Hicks",2025-04-04 04:34:49,432.17,"8476 Gina Neck, Buffalo, NY 14130",p2p_transfer,
310,9,Pierce-Aguilar,2025-04-04 04:44:09,-26.67,"2895 Rodriguez Extensions, Niagara Falls, NY 15324",refund,
311,39,Webster Ltd,2025-04-04 04:47:52,61.32,"1811 Kevin Drive, Bronx, NY 19458",bill_payment,
312,28,Rodriguez-Collins,2025-04-04 05:16:33,7041.45,"1992 Murphy Ports, Brooklyn, NY 14942",p2p_transfer,
313,13,Glenn Group,2025-04-04 05:22:02,41.78,"2558 Luna Ports, Cheektowaga, NY 16286",atm_withdrawal,
314,38,"Patton, Stevens and Perez",2025-04-04 05:28:02,246.02,"4610 Kristen Overpass, Buffalo, NY 11559",p2p_transfer,
315,31,Brown-Joseph,2025-04-04 05:28:27,153.62,"6490 Tyler Trail, Queens, NY 14633",p2p_transfer,
316,39,Goodman-Reynolds,2025-04-04 06:03:28,171.79,"7154 Lori Parkway, Buffalo, NY 11895",atm_withdrawal,
317,49,Evans-Anthony,2025-04-04 06:03:50,431.86,"9341 Taylor Throughway, Rochester, NY 10025",bill_payment,
318,20,Norris and Sons,2025-04-04 06:12:22,208.99,"183 Julie Prairie, Staten Island, NY 13866",purchase,
319,48,Ellis-Wiggins,2025-04-04 06:13:27,487.87,"3854 Tran Islands, White Plains, NY 14485",p2p_transfer,
320,39,Rhodes-Ward,2025-04-04 06:18:21,-383.4,"2749 Holland Court, Schenectady, NY 11806",refund,
321,6,Taylor-White,2025-04-04 06:21:26,393.08,"2557 Michelle Track, Rochester, NY 11233",p2p_transfer,
322,19,Ramirez Inc,2025-04-04 07:04:37,237.66,"203 Susan Rapids, Ithaca, NY 19284",p2p_transfer,
323,23,"Sullivan, Schultz and Cardenas",2025-04-04 07:19:14,146.95,"5968 King Station, Albany, NY 12632",atm_withdrawal,
324,51,Hernandez-Krueger,2025-04-04 07:37:18,123.82,"5271 Cristina Inlet, Yonkers, NY 10172",purchase,
325,7,Elliott-Shepherd,2025-04-04 07:44:26,-315.25,"1057 Stephanie Fork, Buffalo, NY 18439",refund,
326,38,"Baker, Tapia and Davis",2025-04-04 08:03:58,159.82,"2652 David Avenue, Utica, NY 13532",p2p_transfer,
327,54,Lucas-Thomas,2025-04-04 08:47:56,77.54,"7066 Ellis Canyon, Niagara Falls, NY 15578",p2p_transfer,
328,29,"Martin, Page and Carter",2025-04-04 09:31:00,144.31,"3924 Peterson Crossing, White Plains, NY 19589",purchase,
329,9,Rice Ltd,2025-04-04 09:40:47,278.81,"7068 Sandra Field, Utica, NY 17626",p2p_transfer,
330,21,Lee-Casey,2025-04-04 09:56:06,-129.56,"5645 Henderson Club, Buffalo, NY 17727",refund,
331,58,"Wilson, Hernandez and Anderson",2025-04-04 10:02:56,197.38,"2228 Carter Gateway, Ithaca, NY 12484",purchase,
332,16,Rodriguez-Wong,2025-04-04 10:13:49,177.68,"2312 Kelly Street, Churchbury, CA 94222",wire_transfer,
333,21,"Winters, Romero and Jimenez",2025-04-04 10:30:07,3028.65,"2208 Anna Lane, Ithaca, NY 10629",wire_transfer,
334,2,Taylor Inc,2025-04-04 10:31:26,478.5,"8778 Richard Ranch, Brooklyn, NY 11547",bill_payment,
335,48,Neal-Mercer,2025-04-04 10:41:35,169.56,"5517 Sarah Green, Syracuse, NY 19112",purchase,
336,50,Moran-Miller,2025-04-04 11:04:01,485.44,"8690 Morrison Estate, Ithaca, NY 19795",p2p_transfer,
337,59,"Thomas, Rojas and Perry",2025-04-04 11:04:04,196.63,"9743 Michael Meadow, North Justin, MA 04958",purchase,
338,21,"Richards, Schultz and Chavez",2025-04-04 11:05:13,63.91,"6060 Thomas Expressway, Syracuse, NY 16830",atm_withdrawal,
339,19,Mosley-Davidson,2025-04-04 11:38:53,267.33,"1289 Walker Fort, Lake Denisetown, PA 15687",wire_transfer,
340,23,Lara-West,2025-04-04 11:45:52,309.54,"9390 Thomas Trail, White Plains, NY 15806",p2p_transfer,
341,43,"Campbell, Coleman and Mathis",2025-04-04 11:55:55,174.69,"141 Jason Curve, Ithaca, NY 14096",atm_withdrawal,
342,44,"Pham, Miller and Cole",2025-04-04 11:56:56,473.46,"7539 Tara Track, Troy, NY 13439",bill_payment,
343,56,Morales-Rich,2025-04-04 12:11:29,287.11,"3394 Gordon Brooks, Staten Island, NY 13453",purchase,
344,24,Sullivan-Stewart,2025-04-04 12:14:08,217.55,"6331 Gail Heights, Niagara Falls, NY 13014",purchase,
345,45,"Cooper, Manning and Hill",2025-04-04 12:19:45,121.95,"2970 Bailey Isle, White Plains, NY 11184",atm_withdrawal,
346,42,"Meadows, Scott and Brown",2025-04-04 12:46:45,185.84,"6848 Smith Points, Syracuse, NY 11981",atm_withdrawal,
347,15,Johnson-Taylor,2025-04-04 12:58:33,155.7,"5958 Hill Forest, Binghamton, NY 13625",bill_payment,
348,24,Quinn-Hammond,2025-04-04 13:33:28,197.29,"6666 Brooks Summit, Niagara Falls, NY 10626",purchase,
349,36,"Hernandez, Hill and Spears",2025-04-04 13:36:46,-73.57,"1279 Rebecca Crossing, Schenectady, NY 13489",refund,
350,14,"Hayes, Thornton and Mcbride",2025-04-04 13:51:39,-11.08,"9998 Richardson Points, Binghamton, NY 18238",refund,
351,60,Greene Ltd,2025-04-04 14:00:00,205.86,"3053 Shawn Plains, Ithaca, NY 15316",p2p_transfer,
352,58,Kim Group,2025-04-04 14:33:03,429.32,"992 Christopher Prairie, Brooklyn, NY 17737",bill_payment,
353,24,"Lynch, Williams and Becker",2025-04-04 14:33:31,273.95,"1312 Hamilton Circle, Yonkers, NY 19903",purchase,
354,51,"Calderon, Harrell and Miller",2025-04-04 14:40:46,270.15,"5237 Jennifer Cove, Rochester, NY 16960",purchase,
355,32,"Le, Kirby and Collins",2025-04-04 14:44:13,84.58,"8489 Reed Neck, New York, NY 12040",atm_withdrawal,
356,12,Hall-Gray,2025-04-04 15:00:33,56.12,"7082 Jones Prairie, Youngfort, MA 06668",purchase,
357,32,Crane and Sons,2025-04-04 15:04:26,-322.74,"8940 Eric Highway, Cheektowaga, NY 18231",refund,
358,11,"Hughes, George and Ball",2025-04-04 15:05:10,-201.82,"7659 Emily Fields, Utica, NY 19207",refund,
359,4,Robinson-Wood,2025-04-04 15:26:15,456.34,"4168 Chen Groves, West Scott, TX 76416",bill_payment,
360,19,Taylor Ltd,2025-04-04 15:32:09,74.11,"9210 Caitlin Common, Syracuse, NY 15587",purchase,
361,18,Craig Ltd,2025-04-04 15:35:53,425.97,"2367 Reed Harbors, Buffalo, NY 13710",wire_transfer,
362,6,"Conrad, Cruz and West",2025-04-04 15:41:49,345.79,"8675 Gary Falls, Staten Island, NY 13811",bill_payment,
363,18,"Mckee, Padilla and Quinn",2025-04-04 15:56:11,399.89,"3880 Steven Centers, West Jason, CT 09372",p2p_transfer,
364,24,"Adams, Newman and Morton",2025-04-04 16:01:18,263.06,"451 Hoffman Views, Cheektowaga, NY 15022",p2p_transfer,
365,47,Robles PLC,2025-04-04 16:03:43,165.09,"2970 Robert Walk, New Nicoleton, TX 72933",bill_payment,
366,57,"Rodriguez, Davis and Walton",2025-04-04 16:15:10,130.92,"1451 Colin Vista, Brooklyn, NY 17525",p2p_transfer,
367,32,"Velazquez, James and Smith",2025-04-04 16:26:40,28.24,"2365 Ward Shoal, Cheektowaga, NY 15398",atm_withdrawal,
368,28,Hanson and Sons,2025-04-04 17:04:42,296.36,"609 Julia Points, Yonkers, NY 12370",p2p_transfer,
369,3,Bryant-Wilson,2025-04-04 17:12:15,326.35,"7586 Fernandez Islands, Binghamton, NY 12615",p2p_transfer,
370,39,Garza-Trevino,2025-04-04 17:28:52,-158.13,"1957 Susan Lane, Niagara Falls, NY 15593",refund,
371,41,Mendez PLC,2025-04-04 17:37:17,77.64,"7930 Anna Summit, Staten Island, NY 17188",wire_transfer,
372,13,Williams Ltd,2025-04-04 17:39:49,227.8,"3141 Douglas Point, New York, NY 19606",p2p_transfer,
373,55,"Diaz, Love and Ramirez",2025-04-04 18:27:06,234.74,"4022 Rebecca Lake, White Plains, NY 14614",wire_transfer,
374,30,Myers-Hamilton,2025-04-04 18:34:44,-403.24,"7419 Brent Inlet, Rochester, NY 17218",refund,
375,14,Anderson-Davis,2025-04-04 19:11:48,-84.96,"7400 Cook Mission, Ithaca, NY 13572",refund,
376,45,Martin-Dyer,2025-04-04 19:19:04,-312.26,"5167 Christopher Circles, Syracuse, NY 11454",refund,
377,33,Kennedy and Sons,2025-04-04 19:39:34,162.23,"7581 Gallegos Bridge, Schenectady, NY 17341",wire_transfer,
378,49,"Lee, Roberts and Martinez",2025-04-04 19:50:48,139.15,"1908 Nolan Forest, Buffalo, NY 10896",atm_withdrawal,
379,29,"Thomas, Ward and Taylor",2025-04-04 20:16:56,7171.95,"9478 Meza Mall, White Plains, NY 17257",wire_transfer,
380,41,Edwards-Bailey,2025-04-04 20:27:00,26.84,"3480 Stephen Wall, Queens, NY 19895",atm_withdrawal,
381,53,Nixon and Sons,2025-04-04 20:33:32,56.3,"6494 Kathy Brook, Utica, NY 11864",p2p_transfer,
382,14,"Adams, Washington and Burke",2025-04-04 20:36:00,-120.6,"5133 Taylor Path, Syracuse, NY 16396",refund,
383,2,Maldonado-Escobar,2025-04-04 20:36:56,-384.17,"7266 Joshua Mountains, Ithaca, NY 16189",refund,
384,3,Smith-Rodriguez,2025-04-04 20:39:03,432.12,"4019 Michael Hollow, Staten Island, NY 14027",p2p_transfer,
385,39,"Bailey, Rodriguez and Olsen",2025-04-04 20:44:22,266.81,"9870 King Common, Syracuse, NY 12537",wire_transfer,
386,16,"Perez, Perez and Wright",2025-04-04 20:57:33,2899.8,"9116 Smith Motorway, Syracuse, NY 11179",atm_withdrawal,
387,49,Trujillo-Miles,2025-04-04 21:00:44,368.21,"752 Sanchez Gardens, Bronx, NY 12777",bill_payment,
388,37,"Diaz, Molina and Mendoza",2025-04-04 21:39:05,171.39,"8557 Terri Rest, Schenectady, NY 16794",atm_withdrawal,
389,16,Smith-Lopez,2025-04-04 22:15:50,326.34,"4957 Rachel Unions, Utica, NY 14148",wire_transfer,
390,34,Johnson Ltd,2025-04-04 22:26:12,294.19,"1408 Matthew Mills, New York, NY 10441",p2p_transfer,
391,4,Marshall-Ali,2025-04-04 22:27:19,-205.89,"8094 Gregory Divide, Queens, NY 10145",refund,
392,55,Mullins Group,2025-04-04 22:34:13,31.7,"3035 Sweeney Ramp, Staten Island, NY 11868",purchase,
393,48,Williams-Campos,2025-04-04 22:46:52,-474.17,"4259 Kaufman Hills, Schenectady, NY 10222",refund,
394,11,Martin-Rogers,2025-04-04 22:53:54,-291.7,"6323 Eric Glen, Cheektowaga, NY 15190",refund,
395,57,Parsons Ltd,2025-04-04 23:13:18,128.06,"9626 Nguyen Garden, Bronx, NY 11810",p2p_transfer,
396,21,Gomez and Sons,2025-04-04 23:14:45,413.97,"8664 Evan Terrace, Troy, NY 14993",p2p_transfer,
397,52,"Farley, Garcia and Schmitt",2025-04-04 23:14:46,167.62,"9358 Rogers Green, Bronx, NY 11102",purchase,
398,32,Ellis-Munoz,2025-04-04 23:47:04,176.11,"1264 Jones Manors, Yonkers, NY 13547",atm_withdrawal,
399,39,"Flores, Matthews and Morton",2025-04-04 23:47:05,35.97,"5165 Dustin Avenue, Albany, NY 19066",atm_withdrawal,
400,28,"Adams, Pittman and Hughes",2025-04-04 23:50:16,90.91,"2735 Evan Ports, Troy, NY 18253",purchase,
401,52,"Farley, Garcia and Schmitt",2025-04-05 23:14:46,-167.62,"9358 Rogers Green, Bronx, NY 11102",cancellation,397
